name,e-mail,address,job,company,phone_number
Rachel Moore,martinjulie@yahoo.com,"5269 Janet Mountains
Beckerstad, CT 26146",Tree surgeon,"Simmons, Lara and Brooks",314-246-3950
Andrea Bradford MD,isabellatorres@gmail.com,"46971 George Keys
Houstonmouth, TN 22176","Engineer, petroleum",Gardner Inc,(455)679-2751
Lacey Olson,matthewjones@yahoo.com,"583 Seth Rapids Apt. 178
West Troy, NH 19736",Secretary/administrator,Green Ltd,787-456-6821
Jasmine Prince,kjimenez@gmail.com,"67817 Boyer Squares Suite 203
Lake Kristina, AL 51690",Radio broadcast assistant,Ward-Colon,(923)708-9624
Emily Dougherty,seanhill@gmail.com,"2294 Gerald Oval
Valenciaview, SC 45102",Occupational psychologist,"Campbell, Booker and Davis",7428251156
Philip Mendoza,leslie12@gmail.com,"68775 Sarah Walks
South Garrett, TX 82460",Chiropodist,Armstrong Group,(314)420-6674
James Brown,anthonyfisher@gmail.com,"103 Harris Glens
Tatehaven, OK 31824",Sub,Chavez-Greene,8856556687
Roberto Parker,brianna29@hotmail.com,"9556 Duncan Fall Suite 171
Melissachester, ND 21648",Academic librarian,Henderson Ltd,441-812-1932
Richard Bentley,duranjames@yahoo.com,"407 Brianna Shores Apt. 774
North Sabrina, CT 93507",Medical technical officer,"Brown, Fernandez and Williams",(650)202-9635
Megan Mccullough,wongrachel@yahoo.com,"977 Jimenez Ways Suite 937
North Johnton, MT 66573",Prison officer,Cunningham-Lee,5958797148
